Date,Open,High,Low,Close,Volume
2019-01-02,30000.00,30196.71,29347.44,29552.51,82403686
2019-01-03,29552.51,29867.21,29456.20,29706.36,77762396
2019-01-04,29706.36,29832.05,29392.90,29424.78,139863915
2019-01-05,29424.78,30012.80,29344.86,29746.04,112114015
2019-01-08,29746.04,29768.96,29419.12,29657.60,60430523
2019-01-09,29657.60,29667.96,29311.80,29417.51,89149275
2019-01-10,29417.51,29658.17,29049.64,29068.62,82774943
2019-01-11,29068.62,29161.93,28564.44,28566.91,127379484
2019-01-12,28566.91,28738.36,28336.70,28382.57,126289945
2019-01-15,28382.57,28926.74,28349.37,28662.47,115173200
2019-01-16,28662.47,28885.74,28626.82,28676.77,56493159
2019-01-17,28676.77,28776.81,28258.47,28504.24,83222363
2019-01-18,28504.24,28659.76,28466.78,28506.40,92960009
2019-01-19,28506.40,28945.41,28281.05,28798.39,73354237
2019-01-22,28798.39,28870.81,28610.41,28667.03,142655892
2019-01-23,28667.03,29057.34,28425.04,29012.44,65479336
2019-01-24,29012.44,29168.47,28892.13,29071.32,56862487
2019-01-25,29071.32,29798.68,29024.49,29552.38,72656819
2019-01-26,29552.38,29637.33,29528.34,29573.19,114866703
2019-01-29,29573.19,30061.08,29385.78,29816.16,126699646
2019-01-30,29816.16,29972.96,29740.14,29895.12,144595872
2019-01-31,29895.12,29916.10,29490.83,29527.56,90894942
2019-02-01,29527.56,29757.09,29315.98,29469.06,73233872
2019-02-02,29469.06,29835.90,29373.03,29592.61,71359380
2019-02-05,29592.61,29923.71,29508.07,29652.67,127885644
2019-02-06,29652.67,29799.96,29312.77,29482.08,145509780
2019-02-07,29482.08,29664.51,29200.78,29296.72,100222007
2019-02-08,29296.72,29930.22,29274.47,29716.97,134409051
2019-02-09,29716.97,29869.96,29201.53,29384.17,124116499
2019-02-12,29384.17,29942.62,29343.86,29899.93,61829556
2019-02-13,29899.93,29936.48,29719.18,29885.61,66350182
2019-02-14,29885.61,30048.94,29221.05,29388.64,50449515
2019-02-15,29388.64,29427.34,29139.32,29345.11,79038355
2019-02-16,29345.11,29632.73,29287.23,29425.79,103329539
2019-02-19,29425.79,29928.69,29152.45,29877.19,89572473
2019-02-20,29877.19,30163.18,29738.64,30039.47,125829051
2019-02-21,30039.47,30440.30,29991.84,30196.44,121877758
2019-02-22,30196.44,30539.09,29965.70,30392.98,88306890
2019-02-23,30392.98,30716.96,30334.97,30682.38,88006535
2019-02-26,30682.38,31242.52,30511.48,31014.27,95043411
2019-02-27,31014.27,31470.99,30972.86,31379.04,114472255
2019-02-28,31379.04,31706.64,31298.26,31407.64,66539854
2019-03-01,31407.64,32093.14,31322.74,31998.87,119850238
2019-03-02,31998.87,32970.13,31831.35,32654.00,136173184
2019-03-05,32654.00,32944.66,32382.30,32727.40,137331731
2019-03-06,32727.40,32801.78,32307.62,32512.23,64461991
2019-03-07,32512.23,32530.77,32203.04,32237.48,122413321
2019-03-08,32237.48,32242.20,32052.63,32147.79,130502802
2019-03-09,32147.79,32786.74,32095.04,32688.16,135541042
2019-03-12,32688.16,33272.14,32598.74,33254.64,90265454
2019-03-13,33254.64,33629.57,33025.50,33315.74,111251197
2019-03-14,33315.74,33577.10,33151.47,33258.32,106480360
2019-03-15,33258.32,33957.57,33132.32,33639.22,117080714
2019-03-16,33639.22,33833.23,33416.94,33812.85,136522966
2019-03-19,33812.85,33953.84,33613.34,33847.36,120523064
2019-03-20,33847.36,33962.24,33825.16,33911.01,77225535
2019-03-21,33911.01,34199.43,33865.07,34050.57,71877473
2019-03-22,34050.57,34802.78,33765.28,34558.58,73088769
2019-03-23,34558.58,34644.40,33909.56,33913.96,58503260
2019-03-26,33913.96,34055.48,33292.78,33394.09,140464517
2019-03-27,33394.09,33698.49,33136.21,33349.67,133900923
2019-03-28,33349.67,33672.87,33215.22,33511.65,99353496
2019-03-29,33511.65,33970.68,33457.55,33830.10,146425780
2019-03-30,33830.10,34285.46,33787.46,33996.07,62951813
2019-04-02,33996.07,34111.82,33876.43,33991.27,70768156
2019-04-03,33991.27,34147.79,33510.03,33741.09,101795749
2019-04-04,33741.09,33899.51,33004.46,33159.33,127523956
2019-04-05,33159.33,33471.24,32768.44,32889.96,122532881
2019-04-06,32889.96,33605.90,32733.14,33550.39,83933055
2019-04-09,33550.39,33593.53,33132.86,33146.63,53617598
2019-04-10,33146.63,33416.39,32518.65,32839.27,87707212
2019-04-11,32839.27,33135.47,32089.91,32269.37,105814503
2019-04-12,32269.37,32510.17,31777.57,31855.61,91365884
2019-04-13,31855.61,31963.76,31165.09,31260.87,87561744
2019-04-16,31260.87,31337.23,30971.73,31322.73,136237647
2019-04-17,31322.73,31645.55,31077.91,31384.17,141326629
2019-04-18,31384.17,31586.02,31227.83,31342.63,78947731
2019-04-19,31342.63,32026.16,31043.20,31926.87,100312509
2019-04-20,31926.87,32753.20,31638.78,32494.57,83458739
2019-04-23,32494.57,32727.78,32287.64,32396.23,145763195
2019-04-24,32396.23,32973.18,32164.99,32917.79,117289330
2019-04-25,32917.79,33207.87,32182.86,32345.31,80661978
2019-04-26,32345.31,32349.59,31855.33,31904.40,144438860
2019-04-27,31904.40,32081.61,31397.28,31638.95,143815836
2019-04-30,31638.95,31712.85,31265.93,31525.54,140541482
2019-05-01,31525.54,31610.72,30909.24,30950.81,103395199
2019-05-02,30950.81,31392.74,30875.22,31206.41,69929785
2019-05-03,31206.41,31340.11,30861.80,31136.19,60935027
2019-05-04,31136.19,31831.58,30917.04,31567.94,103204654
2019-05-07,31567.94,31601.20,31360.57,31541.25,57275803
2019-05-08,31541.25,31943.54,31267.34,31777.74,92674663
2019-05-09,31777.74,32006.20,31280.73,31550.02,113446709
2019-05-10,31550.02,31817.87,31351.00,31807.04,136324709
2019-05-11,31807.04,31814.80,31396.44,31631.94,145338073
2019-05-14,31631.94,31712.09,31383.05,31560.89,97013993
2019-05-15,31560.89,32506.00,31430.80,32198.16,54982299
2019-05-16,32198.16,32280.65,31645.80,31652.56,124452030
2019-05-17,31652.56,31672.29,31520.01,31586.74,126852393
2019-05-18,31586.74,31861.03,31406.42,31545.30,115864968
2019-05-21,31545.30,31796.31,30780.06,31090.30,93735186
2019-05-22,31090.30,31318.50,31082.78,31136.53,66395231
2019-05-23,31136.53,31529.91,30888.92,31283.86,60002495
2019-05-24,31283.86,31426.24,30482.98,30747.51,63534278
2019-05-25,30747.51,30978.33,30048.29,30157.98,80268452
2019-05-28,30157.98,30641.06,29952.19,30423.73,66061737
2019-05-29,30423.73,30462.81,29991.27,30233.88,94666440
2019-05-30,30233.88,30558.97,30149.28,30271.16,144076255
2019-05-31,30271.16,30497.37,30168.93,30225.22,133370223
2019-06-01,30225.22,30253.78,29950.48,30001.60,84428971
2019-06-04,30001.60,30498.63,29969.69,30247.55,135371352
2019-06-05,30247.55,30315.63,29894.52,30003.83,66278461
2019-06-06,30003.83,30146.50,29414.95,29575.96,113574353
2019-06-07,29575.96,29756.46,29024.39,29250.58,111410317
2019-06-08,29250.58,29486.81,28644.07,28923.29,134226690
2019-06-11,28923.29,29547.87,28786.97,29456.73,148023829
2019-06-12,29456.73,29698.08,29308.24,29530.92,145571540
2019-06-13,29530.92,29561.86,29007.13,29187.00,57037408
2019-06-14,29187.00,29367.17,28522.54,28703.48,50784209
2019-06-15,28703.48,29187.62,28420.85,29176.67,112631193
2019-06-18,29176.67,29795.32,29142.43,29576.65,104874470
2019-06-19,29576.65,29849.17,29398.40,29713.01,104955654
2019-06-20,29713.01,29934.39,29517.17,29917.38,87194299
2019-06-21,29917.38,29972.53,29324.77,29346.42,100070544
2019-06-22,29346.42,29569.08,28927.25,29214.93,91463152
2019-06-25,29214.93,29777.60,29172.37,29596.59,129758184
2019-06-26,29596.59,30043.31,29354.54,29807.96,83751801
2019-06-27,29807.96,29933.12,29178.82,29311.65,111712986
2019-06-28,29311.65,30115.72,29098.16,29920.90,61837160
2019-06-29,29920.90,30412.06,29792.41,30344.21,97210600
2019-07-02,30344.21,30491.35,30150.14,30222.67,50471428
2019-07-03,30222.67,30372.43,30006.28,30351.62,72965688
2019-07-04,30351.62,30475.54,30088.05,30257.41,92221433
2019-07-05,30257.41,30747.53,30089.98,30687.72,69257206
2019-07-06,30687.72,30910.51,30224.93,30425.07,70111550
2019-07-09,30425.07,31007.20,30259.00,30962.90,72750384
2019-07-10,30962.90,31011.55,30582.39,30732.08,107033488
2019-07-11,30732.08,30791.36,29999.72,30238.73,100588983
2019-07-12,30238.73,30506.18,29841.20,29862.02,103497785
2019-07-13,29862.02,29924.54,29309.17,29598.08,96671613
2019-07-16,29598.08,29969.39,29469.18,29804.84,126820876
2019-07-17,29804.84,29911.26,29748.05,29899.87,104047521
2019-07-18,29899.87,30164.09,29787.89,30144.16,134385008
2019-07-19,30144.16,30763.30,29987.47,30503.96,148994310
2019-07-20,30503.96,31022.97,30320.30,30997.03,115702440
2019-07-23,30997.03,31487.27,30733.13,31460.96,50418350
2019-07-24,31460.96,31520.01,31253.32,31488.53,61284216
2019-07-25,31488.53,32064.10,31330.82,31780.83,135316368
2019-07-26,31780.83,32142.54,31649.51,32080.10,96639683
2019-07-27,32080.10,32801.99,32060.19,32711.66,125361282
2019-07-30,32711.66,32814.07,32149.14,32301.19,144861934
2019-07-31,32301.19,32494.67,31530.92,31728.56,92346494
2019-08-01,31728.56,31817.25,31151.37,31380.33,114280979
2019-08-02,31380.33,31798.62,31375.00,31674.68,67137888
2019-08-03,31674.68,32135.25,31427.45,31827.54,58342100
2019-08-06,31827.54,32045.55,31656.88,31964.12,128488743
2019-08-07,31964.12,32062.92,31709.81,32042.37,88324376
2019-08-08,32042.37,32287.22,31367.89,31515.30,94064757
2019-08-09,31515.30,32331.01,31376.30,32070.60,120046771
2019-08-10,32070.60,33016.58,32022.12,32716.37,104991188
2019-08-13,32716.37,32813.34,32228.42,32289.72,68053869
2019-08-14,32289.72,32589.66,32230.67,32256.56,139052690
2019-08-15,32256.56,32577.90,31475.00,31780.98,61651636
2019-08-16,31780.98,31915.84,31543.72,31777.87,134659541
2019-08-17,31777.87,31883.48,31619.14,31878.95,136879296
2019-08-20,31878.95,32132.04,31549.67,31741.62,50448135
2019-08-21,31741.62,32534.13,31531.18,32233.30,73089712
2019-08-22,32233.30,32494.77,31441.66,31632.69,72507779
2019-08-23,31632.69,32291.79,31568.05,32237.55,123618181
2019-08-24,32237.55,32704.89,31929.83,32667.78,96212859
2019-08-27,32667.78,33418.87,32498.20,33237.54,134229968
2019-08-28,33237.54,33398.88,32573.94,32735.31,108343083
2019-08-29,32735.31,32916.51,32292.02,32354.65,147254863
2019-08-30,32354.65,32514.77,31565.34,31846.09,144010954
2019-08-31,31846.09,32494.64,31710.39,32242.90,65025371
2019-09-03,32242.90,32489.37,32119.22,32313.93,86640306
2019-09-04,32313.93,32883.81,32305.01,32854.51,100467569
2019-09-05,32854.51,32924.02,32343.76,32422.59,90109401
2019-09-06,32422.59,32550.18,32335.62,32405.22,84351682
2019-09-07,32405.22,33111.47,32276.34,32948.07,94315402
2019-09-10,32948.07,33228.85,32797.58,32885.91,128655318
2019-09-11,32885.91,32972.84,32237.68,32368.35,63591039
2019-09-12,32368.35,32707.95,32208.71,32683.88,123815653
2019-09-13,32683.88,32861.22,32205.80,32527.11,73860624
2019-09-14,32527.11,32676.43,32003.01,32077.71,95324280
2019-09-17,32077.71,32248.47,31759.86,32082.54,116383896
2019-09-18,32082.54,32384.36,31534.47,31733.39,121153210
2019-09-19,31733.39,31801.44,31175.34,31436.42,148725177
2019-09-20,31436.42,32091.67,31255.72,31909.71,117597671
2019-09-21,31909.71,32189.92,31434.21,31550.38,60838766
2019-09-24,31550.38,31840.03,31424.91,31483.22,129065252
2019-09-25,31483.22,31765.24,31201.35,31287.41,83489787
2019-09-26,31287.41,31912.20,31014.56,31606.62,52844049
2019-09-27,31606.62,31989.74,31559.34,31907.43,87360051
2019-09-28,31907.43,32034.55,31461.62,31764.92,134167400
2019-10-01,31764.92,32507.42,31754.14,32259.13,91642685
2019-10-02,32259.13,32259.69,31747.43,32051.01,97197098
2019-10-03,32051.01,32114.49,31451.14,31731.43,111511150
2019-10-04,31731.43,32046.59,31447.15,31858.80,142043490
2019-10-05,31858.80,31888.13,31306.06,31471.23,111638308
2019-10-08,31471.23,32108.20,31229.28,32014.31,121068742
2019-10-09,32014.31,32220.35,31831.12,31966.00,114434426
2019-10-10,31966.00,32475.41,31692.90,32426.54,96395510
2019-10-11,32426.54,32486.44,31995.93,32055.54,137211178
2019-10-12,32055.54,32285.66,31739.39,31854.73,69412801
2019-10-15,31854.73,31863.90,31399.67,31437.67,58711040
2019-10-16,31437.67,32052.86,31422.84,31827.34,112483682
2019-10-17,31827.34,32135.60,31338.80,31389.73,89860531
2019-10-18,31389.73,31652.21,31086.55,31404.15,135529278
2019-10-19,31404.15,32146.82,31167.24,31876.17,146439325
2019-10-22,31876.17,32576.88,31754.86,32403.57,131741585
2019-10-23,32403.57,32751.18,32114.52,32708.94,107737151
2019-10-24,32708.94,32907.64,32288.50,32339.33,105417182
2019-10-25,32339.33,32376.18,31910.71,32222.27,135397138
2019-10-26,32222.27,32953.36,32171.97,32765.46,110030855
2019-10-29,32765.46,33035.55,32709.65,32751.37,141403878
2019-10-30,32751.37,33034.41,32582.44,32971.79,50666233
2019-10-31,32971.79,33416.85,32673.50,33362.09,140985550
2019-11-01,33362.09,34090.92,33206.87,33990.43,132361125
2019-11-02,33990.43,34466.77,33800.16,34202.88,132549734
2019-11-05,34202.88,34289.69,34132.75,34229.79,98453216
2019-11-06,34229.79,34523.43,33736.88,34036.56,116903121
2019-11-07,34036.56,34155.42,33802.67,33888.30,130501852
2019-11-08,33888.30,34628.72,33785.05,34424.64,122797112
2019-11-09,34424.64,34595.73,34103.38,34277.77,77734336
2019-11-12,34277.77,34348.27,33724.81,33835.43,78130163
2019-11-13,33835.43,34777.05,33736.97,34516.33,52396268
2019-11-14,34516.33,35027.13,34269.69,34821.91,82281761
2019-11-15,34821.91,35065.77,34487.65,34820.01,111711691
2019-11-16,34820.01,35324.37,34640.72,35293.02,79364560
2019-11-19,35293.02,35519.93,34621.77,34760.12,89020700
2019-11-20,34760.12,35158.70,34594.93,35063.34,57434274
2019-11-21,35063.34,35830.89,34713.27,35525.46,149527858
2019-11-22,35525.46,35856.40,35157.06,35342.46,62192517
2019-11-23,35342.46,35396.13,34498.26,34821.01,114892690
2019-11-26,34821.01,34952.23,34505.97,34778.02,86986255
2019-11-27,34778.02,35159.77,34460.72,34824.40,83647278
2019-11-28,34824.40,35529.13,34721.38,35459.26,98521256
2019-11-29,35459.26,35618.10,35237.25,35534.96,54332322
2019-11-30,35534.96,35878.14,34701.39,34995.49,127651225
2019-12-03,34995.49,35048.04,34718.47,35025.46,103134814
2019-12-04,35025.46,35513.01,35023.63,35178.02,95518893
2019-12-05,35178.02,35418.36,35024.41,35110.92,82521125
2019-12-06,35110.92,35212.38,34796.23,35155.23,82547588
2019-12-07,35155.23,35367.25,34920.64,35352.68,81937443
2019-12-10,35352.68,35510.34,34816.73,35074.54,142519761
2019-12-11,35074.54,35346.71,34375.40,34625.49,117235908
2019-12-12,34625.49,34826.80,34436.49,34456.42,81262764
2019-12-13,34456.42,35403.82,34365.53,35113.08,106303536
2019-12-14,35113.08,35453.51,34795.72,35358.84,70542592
2019-12-17,35358.84,35886.50,35311.72,35793.11,90120685
2019-12-18,35793.11,36106.38,35701.23,35936.97,66703475
2019-12-19,35936.97,36372.36,35871.29,36218.82,135901708
2019-12-20,36218.82,36631.38,35988.78,36325.07,144431489
2019-12-21,36325.07,37086.33,36230.37,36859.09,144922687
2019-12-24,36859.09,37762.09,36657.08,37447.54,74224011
2019-12-25,37447.54,37575.05,36990.92,37077.78,128536863
2019-12-26,37077.78,37370.14,36867.14,37002.67,93065070
2019-12-27,37002.67,37031.75,36633.10,37024.70,124234560
2019-12-28,37024.70,37324.63,36294.17,36486.59,83141149
2019-12-31,36486.59,36603.58,35670.52,35792.30,142094456
2020-01-01,35792.30,36438.81,35678.63,36303.04,62397313
2020-01-02,36303.04,36448.83,36059.06,36122.74,112629043
2020-01-03,36122.74,36825.12,35952.05,36687.32,141659056
2020-01-04,36687.32,36700.89,36387.70,36394.20,66657866
2020-01-07,36394.20,36958.35,36368.24,36813.21,132470543
2020-01-08,36813.21,37042.29,36552.70,36958.61,119683125
2020-01-09,36958.61,37014.95,36246.05,36341.66,148440821
2020-01-10,36341.66,36515.59,36187.74,36345.93,109793049
2020-01-11,36345.93,37045.61,36073.69,36858.85,144371674
2020-01-14,36858.85,37189.27,36342.27,36420.98,64766859
2020-01-15,36420.98,37086.25,36160.71,37017.07,64151486
2020-01-16,37017.07,37875.75,37010.93,37585.19,78745371
2020-01-17,37585.19,38321.09,37226.41,37963.89,116544350
2020-01-18,37963.89,38722.94,37616.93,38637.21,115334802
2020-01-21,38637.21,39006.99,38542.16,38671.48,72681568
2020-01-22,38671.48,39339.13,38583.15,39081.80,139449721
2020-01-23,39081.80,39104.31,38609.97,38947.83,94099850
2020-01-24,38947.83,38959.46,37990.98,38246.22,86821030
2020-01-25,38246.22,39210.09,37995.62,38835.45,113784932
2020-01-28,38835.45,39434.26,38580.62,39072.79,131448824
2020-01-29,39072.79,39727.64,39026.10,39699.59,129965087
2020-01-30,39699.59,39965.34,39168.87,39345.81,146861460
2020-01-31,39345.81,40049.20,39266.83,39741.95,70252999
2020-02-01,39741.95,40000.29,39205.69,39465.77,95698314
2020-02-04,39465.77,39610.59,39346.44,39494.00,127607414
2020-02-05,39494.00,39765.50,39065.89,39409.37,123433229
2020-02-06,39409.37,39569.07,38856.73,39216.67,122128799
2020-02-07,39216.67,39541.49,38756.11,39081.72,85185877
2020-02-08,39081.72,39235.04,38637.04,38774.22,125241458
2020-02-11,38774.22,39158.83,38295.17,38397.30,138990609
2020-02-12,38397.30,39106.47,38153.59,38845.11,93607430
2020-02-13,38845.11,38971.68,38523.57,38930.43,100943795
2020-02-14,38930.43,38943.00,38030.77,38275.65,57948252
2020-02-15,38275.65,38613.70,38067.29,38214.86,102464199
2020-02-18,38214.86,38903.71,37856.47,38571.50,107973309
2020-02-19,38571.50,39531.90,38342.56,39226.19,89157404
2020-02-20,39226.19,39423.18,38589.81,38847.71,120830984
2020-02-21,38847.71,39480.25,38459.39,39184.40,132695423
2020-02-22,39184.40,39847.13,38931.79,39591.89,124910804
2020-02-25,39591.89,40281.64,39449.77,39953.80,59016938
2020-02-26,39953.80,40133.79,39312.73,39491.17,147283231
2020-02-27,39491.17,40429.56,39099.39,40241.07,98781680
2020-02-28,40241.07,40578.40,39260.62,39492.27,95033874
2020-02-29,39492.27,40442.10,39249.07,40267.88,90386957
2020-03-03,40267.88,40269.03,39677.33,39968.23,97638997
2020-03-04,39968.23,40105.00,39132.42,39513.45,106953074
2020-03-05,39513.45,40245.34,39156.75,39932.22,96760455
2020-03-06,39932.22,40217.25,39479.89,39709.71,77964179
2020-03-07,39709.71,40059.75,38930.08,39091.18,109839917
2020-03-10,39091.18,39603.91,38816.48,39225.08,73024886
2020-03-11,39225.08,39888.15,39217.22,39805.00,83923797
2020-03-12,39805.00,39933.96,38967.69,39198.96,73057508
2020-03-13,39198.96,39212.10,39187.19,39190.71,106362350
2020-03-14,39190.71,40179.31,38807.78,39819.95,122671862
2020-03-17,39819.95,39960.66,39330.96,39371.78,100538560
2020-03-18,39371.78,39716.86,38715.84,38858.12,135877053
2020-03-19,38858.12,39242.42,38538.71,38695.97,140320830
2020-03-20,38695.97,38977.67,38089.53,38322.84,124518223
2020-03-21,38322.84,39042.34,38016.49,38681.07,141815337
2020-03-24,38681.07,38775.89,38025.22,38027.78,113908977
2020-03-25,38027.78,38813.71,37696.46,38741.55,110160975
2020-03-26,38741.55,39351.20,38428.61,39172.72,78286694
2020-03-27,39172.72,39542.48,38682.27,39011.88,101788254
2020-03-28,39011.88,39063.74,38715.31,38924.04,81299197
2020-03-31,38924.04,39001.88,37974.80,38278.72,59818755
2020-04-01,38278.72,38293.51,37476.68,37727.93,85748457
2020-04-02,37727.93,38030.17,36906.68,37066.83,55961152
2020-04-03,37066.83,37831.74,37064.39,37686.50,119467828
2020-04-04,37686.50,37763.90,37074.22,37386.35,56100749
2020-04-07,37386.35,37738.71,36919.83,37144.04,142828506
2020-04-08,37144.04,37293.79,36345.05,36487.56,68312241
2020-04-09,36487.56,36554.23,36298.44,36311.28,121677381
2020-04-10,36311.28,36666.07,36212.33,36568.99,143379711
2020-04-11,36568.99,37232.84,36261.92,37144.84,54618130
2020-04-14,37144.84,37148.77,36447.10,36465.09,147616326
2020-04-15,36465.09,36652.48,35882.76,36191.18,103693363
2020-04-16,36191.18,36727.08,35837.31,36700.37,104707388
2020-04-17,36700.37,36882.26,35912.81,36003.89,71244442
2020-04-18,36003.89,36403.76,35747.15,36200.30,99409178
2020-04-21,36200.30,36821.58,35883.73,36542.38,54061914
2020-04-22,36542.38,36696.10,36533.89,36616.98,139364312
2020-04-23,36616.98,37295.37,36384.89,37206.09,57083196
2020-04-24,37206.09,38228.29,36962.44,37886.27,60292665
2020-04-25,37886.27,37962.98,37184.99,37532.02,119059722
2020-04-28,37532.02,38046.59,37212.23,37749.26,58396542
2020-04-29,37749.26,37869.27,36776.99,37121.84,67290074
2020-04-30,37121.84,37144.74,36637.22,37002.41,112351517
2020-05-01,37002.41,37028.35,36652.07,36660.42,83289149
2020-05-02,36660.42,36730.51,36464.63,36503.26,127841161
2020-05-05,36503.26,36840.48,35740.90,35854.41,72907203
2020-05-06,35854.41,35891.27,35389.52,35586.81,127843979
2020-05-07,35586.81,35791.02,35424.90,35524.65,104613117
2020-05-08,35524.65,36373.00,35310.37,36034.68,113325891
2020-05-09,36034.68,36531.78,35849.70,36506.41,105117727
2020-05-12,36506.41,36826.52,36163.21,36551.66,60029997
2020-05-13,36551.66,36786.26,35993.71,36332.87,143335290
2020-05-14,36332.87,37052.88,36309.22,36814.97,116160489
2020-05-15,36814.97,37084.65,36330.05,36331.54,148733976
2020-05-16,36331.54,36473.12,35729.78,35862.65,112479730
2020-05-19,35862.65,36033.13,35167.90,35276.01,125784122
2020-05-20,35276.01,35437.80,34543.55,34882.49,69601735
2020-05-21,34882.49,35010.98,34637.85,34704.94,62835768
2020-05-22,34704.94,34869.80,34496.40,34616.29,136016654
2020-05-23,34616.29,34683.91,34063.04,34104.25,72627545
2020-05-26,34104.25,34290.42,33951.65,34014.42,149038175
2020-05-27,34014.42,34361.85,33817.12,34034.49,128837295
2020-05-28,34034.49,34344.01,33841.06,34225.09,99417039
2020-05-29,34225.09,34498.51,33957.96,34354.61,139265564
2020-05-30,34354.61,34808.69,34235.80,34582.23,61829482
2020-06-02,34582.23,34892.60,34283.77,34750.80,119444298
2020-06-03,34750.80,34771.14,34110.29,34359.28,117555035
2020-06-04,34359.28,34515.79,34215.80,34361.36,132888994
2020-06-05,34361.36,34507.78,33879.06,34064.20,78652938
2020-06-06,34064.20,34561.82,33742.58,34374.20,57108454
2020-06-09,34374.20,34540.82,33802.92,33935.50,73176779
2020-06-10,33935.50,33972.78,33405.73,33696.19,84942276
2020-06-11,33696.19,33900.85,32981.41,33073.51,104178837
2020-06-12,33073.51,33154.94,32545.10,32752.58,55312676
2020-06-13,32752.58,33475.55,32614.06,33228.05,122669129
2020-06-16,33228.05,33669.65,33119.49,33538.59,108805985
2020-06-17,33538.59,33809.53,33256.63,33472.44,82767250
2020-06-18,33472.44,33796.38,33461.90,33534.37,133781922
2020-06-19,33534.37,34114.84,33400.63,33947.16,55870021
2020-06-20,33947.16,34350.91,33817.41,34334.87,142982119
2020-06-23,34334.87,34431.65,33893.63,33946.69,90484810
2020-06-24,33946.69,34830.22,33642.65,34534.79,144848570
2020-06-25,34534.79,34997.67,34259.19,34912.29,106717150
2020-06-26,34912.29,35557.92,34611.56,35441.88,52984542
2020-06-27,35441.88,35578.94,35129.02,35363.20,76832372
2020-06-30,35363.20,35410.71,34943.17,35240.21,51879190
2020-07-01,35240.21,35325.88,34683.94,34854.36,138679595
2020-07-02,34854.36,35157.12,34054.89,34211.28,114681077
2020-07-03,34211.28,34607.01,34161.67,34511.11,142508346
2020-07-04,34511.11,34744.27,34325.25,34548.47,57320952
2020-07-07,34548.47,34750.33,34119.71,34156.12,75204453
2020-07-08,34156.12,34385.29,33879.38,34116.08,117209788
2020-07-09,34116.08,34493.27,33925.15,34455.92,137424210
2020-07-10,34455.92,35128.37,34218.49,34886.91,61406339
2020-07-11,34886.91,35082.63,34722.71,34836.63,76896579
2020-07-14,34836.63,35358.88,34675.54,35127.95,100161413
2020-07-15,35127.95,35886.92,34868.15,35762.40,92945367
2020-07-16,35762.40,36008.76,35219.50,35396.75,86435501
2020-07-17,35396.75,35638.74,35077.15,35077.83,109735002
2020-07-18,35077.83,35694.11,34787.90,35341.18,148951361
2020-07-21,35341.18,35517.70,34594.77,34922.78,149699514
2020-07-22,34922.78,35531.27,34720.93,35419.89,111630515
2020-07-23,35419.89,36199.36,35118.88,35891.52,62428261
2020-07-24,35891.52,35905.93,35176.20,35297.18,74253694
2020-07-25,35297.18,36026.75,35126.74,35981.71,68336528
2020-07-28,35981.71,36181.35,35762.10,36066.86,95255979
2020-07-29,36066.86,36988.17,36030.41,36705.00,103004734
2020-07-30,36705.00,36900.75,36447.73,36842.33,134117380
2020-07-31,36842.33,37908.62,36688.82,37537.79,149633019
2020-08-01,37537.79,37668.09,37094.68,37167.24,94704784
2020-08-04,37167.24,37268.26,36414.12,36512.27,125793120
2020-08-05,36512.27,36562.16,36389.61,36457.95,79527202
2020-08-06,36457.95,37357.55,36309.33,37210.57,127521476
2020-08-07,37210.57,37409.09,36894.86,37269.46,122567346
2020-08-08,37269.46,37491.15,36574.56,36853.10,51155762
2020-08-11,36853.10,36942.38,36053.01,36210.60,90516283
2020-08-12,36210.60,36580.00,35937.84,36524.55,145925808
2020-08-13,36524.55,36583.80,35975.98,36114.07,59748677
2020-08-14,36114.07,37001.83,35766.82,36752.11,79122901
2020-08-15,36752.11,37262.79,36634.63,37147.62,60077846
2020-08-18,37147.62,37484.36,36483.26,36719.61,124814044
2020-08-19,36719.61,37497.57,36678.10,37385.43,142544278
2020-08-20,37385.43,38075.32,37153.20,37773.51,125255794
2020-08-21,37773.51,38674.42,37404.75,38526.32,58332366
2020-08-22,38526.32,38804.74,37956.07,38195.88,67453076
2020-08-25,38195.88,38763.72,37871.68,38400.94,106935533
2020-08-26,38400.94,38806.69,38299.74,38564.65,109731477
2020-08-27,38564.65,39636.64,38552.47,39251.98,128948273
2020-08-28,39251.98,39543.78,38431.99,38795.76,135908884
2020-08-29,38795.76,39587.49,38513.60,39498.14,66536100
2020-09-01,39498.14,39930.35,39225.32,39922.30,108508564
2020-09-02,39922.30,40489.26,39576.97,40447.39,127890086
2020-09-03,40447.39,40538.25,40275.06,40456.76,78517664
2020-09-04,40456.76,40641.24,40094.80,40419.20,59579880
2020-09-05,40419.20,41006.30,40167.91,40859.80,141408993
2020-09-08,40859.80,40989.93,40788.65,40806.81,140751572
2020-09-09,40806.81,41413.22,40642.67,41276.63,133600603
2020-09-10,41276.63,42011.82,41266.21,41890.68,136946756
2020-09-11,41890.68,42198.77,40887.19,41204.71,146195120
2020-09-12,41204.71,41687.44,40833.56,41597.99,102698306
2020-09-15,41597.99,42012.61,41565.66,41685.15,74327169
2020-09-16,41685.15,41872.55,41380.08,41813.13,121364237
2020-09-17,41813.13,42546.11,41573.92,42328.91,130213700
2020-09-18,42328.91,42337.13,41313.49,41527.18,70219107
2020-09-19,41527.18,42209.41,41358.46,42026.79,121947762
2020-09-22,42026.79,42521.36,41627.83,42141.03,92764705
2020-09-23,42141.03,42848.31,41959.71,42473.99,101914823
2020-09-24,42473.99,42881.53,42458.71,42870.45,62094522
2020-09-25,42870.45,42981.09,42412.20,42832.37,131978206
2020-09-26,42832.37,43205.43,42120.62,42122.11,64623129
2020-09-29,42122.11,42337.29,41042.98,41341.31,137187384
2020-09-30,41341.31,41759.93,41070.38,41535.17,52462460
2020-10-01,41535.17,41964.98,41209.93,41800.41,91636964
2020-10-02,41800.41,43069.23,41732.83,42669.64,107682220
2020-10-03,42669.64,42863.67,42151.53,42334.97,134441194
2020-10-06,42334.97,42982.37,42113.38,42964.33,79035219
2020-10-07,42964.33,43367.94,42829.63,42929.69,96397098
2020-10-08,42929.69,44061.82,42635.31,43698.73,63358990
2020-10-09,43698.73,43857.45,43264.28,43518.41,111487499
2020-10-10,43518.41,43888.09,43268.70,43855.86,109637309
2020-10-13,43855.86,44154.47,43191.23,43517.81,144345827
2020-10-14,43517.81,44165.33,43163.08,44030.59,140904420
2020-10-15,44030.59,44113.48,43657.59,44067.61,55079028
2020-10-16,44067.61,45193.35,43936.24,44970.42,144360050
2020-10-17,44970.42,46000.92,44700.56,45755.60,63786258
2020-10-20,45755.60,46052.81,45024.53,45259.45,63672947
2020-10-21,45259.45,45490.53,44925.19,45160.93,81550792
2020-10-22,45160.93,45650.51,44898.24,45245.10,130078860
2020-10-23,45245.10,45689.50,45151.32,45512.16,67214017
2020-10-24,45512.16,45583.29,44939.97,45335.49,51238226
2020-10-27,45335.49,45699.35,44781.18,44942.51,95960186
2020-10-28,44942.51,45038.53,44201.04,44639.25,127825344
2020-10-29,44639.25,44860.02,44183.75,44443.44,73737202
2020-10-30,44443.44,44711.22,43306.04,43596.13,148670980
2020-10-31,43596.13,43966.38,42672.64,42931.05,120813416
2020-11-03,42931.05,43394.52,42764.74,43265.57,63385487
2020-11-04,43265.57,43966.14,42977.42,43678.44,85966817
2020-11-05,43678.44,44645.50,43534.06,44536.06,110724293
2020-11-06,44536.06,44981.70,44471.88,44644.61,78684397
2020-11-07,44644.61,44872.14,44195.34,44620.95,64666418
2020-11-10,44620.95,44956.56,44010.29,44090.09,139941013
2020-11-11,44090.09,44476.99,43978.75,44223.88,104252318
2020-11-12,44223.88,44480.19,43365.49,43770.93,67134193
2020-11-13,43770.93,44899.24,43413.20,44610.45,107261680
2020-11-14,44610.45,45455.27,44561.93,45058.80,98441654
2020-11-17,45058.80,46285.70,44938.38,45843.42,114881397
2020-11-18,45843.42,46706.59,45439.65,46674.94,59281646
2020-11-19,46674.94,47446.20,46674.85,47440.04,130843565
2020-11-20,47440.04,48388.84,47125.28,48240.35,139360618
2020-11-21,48240.35,49098.11,47772.50,48972.83,101699390
2020-11-24,48972.83,49361.01,48108.38,48302.97,57187172
2020-11-25,48302.97,48809.14,47891.68,48342.30,69304479
2020-11-26,48342.30,48348.22,47490.92,47630.45,132896025
2020-11-27,47630.45,48486.81,47485.23,48450.45,125842614
2020-11-28,48450.45,48666.15,48357.59,48370.02,84438445
2020-12-01,48370.02,49420.57,48363.56,49235.74,91219413
2020-12-02,49235.74,49311.56,48347.62,48477.12,111353158
2020-12-03,48477.12,48606.46,48148.30,48453.99,83496292
2020-12-04,48453.99,48834.87,48357.51,48412.55,98358937
2020-12-05,48412.55,49298.39,47956.09,49257.35,81507905
2020-12-08,49257.35,49776.55,49215.61,49465.45,97793934
2020-12-09,49465.45,49653.06,48977.79,49514.31,56228205
2020-12-10,49514.31,49598.16,48645.81,48944.51,108970524
2020-12-11,48944.51,50344.80,48919.84,49912.19,66088950
2020-12-12,49912.19,50244.65,48918.01,49072.32,77162513
2020-12-15,49072.32,49523.34,48069.62,48148.09,100138738
2020-12-16,48148.09,48480.00,48031.55,48296.45,55708185
2020-12-17,48296.45,48695.64,47292.31,47562.84,84426547
2020-12-18,47562.84,47832.79,46512.32,46669.75,65117405
2020-12-19,46669.75,47225.63,46350.10,47085.08,97257943
2020-12-22,47085.08,47402.32,46552.27,46611.00,145356303
2020-12-23,46611.00,47150.96,46423.62,47051.96,124392627
2020-12-24,47051.96,47498.03,45790.34,46222.18,96151726
2020-12-25,46222.18,47448.41,46126.39,47033.44,122456353
2020-12-26,47033.44,48081.17,46600.61,47910.28,128711777
2020-12-29,47910.28,48809.35,47588.32,48483.55,72322502
2020-12-30,48483.55,48571.85,47631.27,47971.96,95196675
2020-12-31,47971.96,48473.89,47964.50,48013.76,143258286
2021-01-01,48013.76,48843.89,47740.34,48554.96,103836447
2021-01-02,48554.96,49405.19,48516.78,49391.23,106890529
2021-01-05,49391.23,49465.64,49103.60,49166.60,56626916
2021-01-06,49166.60,49970.09,49143.41,49760.60,81740858
2021-01-07,49760.60,49907.48,49691.03,49852.96,76271170
2021-01-08,49852.96,50019.02,49216.17,49477.91,142522397
2021-01-09,49477.91,49484.93,48891.81,49027.64,93627740
2021-01-12,49027.64,49279.14,48160.31,48474.52,89840689
2021-01-13,48474.52,48618.52,47570.01,47844.62,58402810
2021-01-14,47844.62,48036.18,47185.69,47294.36,146750899
2021-01-15,47294.36,47867.62,47132.15,47828.28,135165674
2021-01-16,47828.28,48613.47,47773.27,48198.95,54208681
2021-01-19,48198.95,48527.60,47585.27,47786.53,140724124
2021-01-20,47786.53,48229.60,47396.35,47665.33,119909308
2021-01-21,47665.33,47830.75,47587.10,47629.37,102714047
2021-01-22,47629.37,48007.47,47608.05,47930.35,117308754
2021-01-23,47930.35,48698.90,47784.27,48412.45,124962000
2021-01-26,48412.45,49137.97,48197.12,49073.79,52959028
2021-01-27,49073.79,49694.16,49061.71,49474.06,87166668
2021-01-28,49474.06,50725.57,49401.55,50338.74,81107767
2021-01-29,50338.74,50575.58,49533.68,50006.79,138089936
2021-01-30,50006.79,51026.78,49645.81,50729.24,75998919
2021-02-02,50729.24,51073.16,50581.26,50879.05,83526879
2021-02-03,50879.05,51283.66,49866.87,50301.61,72986831
2021-02-04,50301.61,51272.04,50235.11,51048.75,77380061
2021-02-05,51048.75,51378.79,50369.76,50550.46,119912449
2021-02-06,50550.46,50971.86,50236.73,50561.79,141092559
2021-02-09,50561.79,51051.52,49479.73,49683.00,88891851
2021-02-10,49683.00,50205.97,49638.98,49974.19,61714917
2021-02-11,49974.19,50045.19,49798.15,49872.04,116474195
2021-02-12,49872.04,50464.87,49612.14,50114.11,54780688
2021-02-13,50114.11,50434.18,49135.87,49489.15,70429243
2021-02-16,49489.15,50273.41,49022.85,49831.05,77278904
2021-02-17,49831.05,50246.37,48615.01,48996.19,109797984
2021-02-18,48996.19,49667.16,48859.10,49492.10,121842082
2021-02-19,49492.10,49909.98,49060.55,49345.81,101199385
2021-02-20,49345.81,49813.38,48520.69,48833.73,141394731
2021-02-23,48833.73,49303.65,47868.01,48068.25,98453782
2021-02-24,48068.25,48590.76,47697.28,48293.28,86802614
2021-02-25,48293.28,48678.56,47191.95,47484.22,83476078
2021-02-26,47484.22,48032.52,47380.41,47590.16,114129692
2021-02-27,47590.16,48329.42,47496.77,47861.17,70373797
2021-03-02,47861.17,47887.33,46720.16,46994.69,56155104
2021-03-03,46994.69,47432.60,46337.18,46576.32,57125860
2021-03-04,46576.32,46809.85,45528.42,45697.46,142793765
2021-03-05,45697.46,46001.66,45224.71,45433.32,142159869
2021-03-06,45433.32,45511.59,45136.36,45489.26,112905204
2021-03-09,45489.26,45570.90,45073.17,45413.00,71676905
2021-03-10,45413.00,46029.04,45022.16,45606.17,127512538
2021-03-11,45606.17,46233.21,45572.37,45789.23,112251394
2021-03-12,45789.23,46787.17,45414.58,46522.05,121952509
2021-03-13,46522.05,47173.07,46252.73,46955.81,149988807
2021-03-16,46955.81,46960.53,45941.56,46096.96,85901010
2021-03-17,46096.96,46721.59,45666.98,46478.37,87571633
2021-03-18,46478.37,47638.38,46249.45,47244.48,111247935
2021-03-19,47244.48,48378.90,47149.63,47926.27,148177829
2021-03-20,47926.27,48129.73,46931.58,47130.57,92271797
2021-03-23,47130.57,47273.14,46765.79,47006.26,148581662
2021-03-24,47006.26,47394.36,46991.84,47013.25,143354799
2021-03-25,47013.25,47150.33,46717.71,46800.15,134160193
2021-03-26,46800.15,47778.41,46542.25,47744.10,67155929
2021-03-27,47744.10,48707.11,47604.10,48575.13,111988884
2021-03-30,48575.13,49008.00,47541.98,47744.65,148759859
2021-03-31,47744.65,48219.20,47612.79,47857.65,145630496
2021-04-01,47857.65,48334.70,47474.94,47487.61,137762464
2021-04-02,47487.61,47859.63,46383.75,46592.32,79546248
2021-04-03,46592.32,46681.43,46197.20,46318.68,128971370
2021-04-06,46318.68,46814.27,45974.62,46814.20,138833908
2021-04-07,46814.20,47148.11,46115.55,46504.86,91559064
2021-04-08,46504.86,46811.01,46145.35,46495.12,102137850
2021-04-09,46495.12,46706.34,45726.51,45810.45,61876622
2021-04-10,45810.45,46635.26,45593.07,46302.49,114598851
2021-04-13,46302.49,46376.76,45873.67,46026.74,69641558
2021-04-14,46026.74,46482.88,45422.53,45630.38,56943638
2021-04-15,45630.38,46027.90,45347.54,45839.83,72908351
2021-04-16,45839.83,45927.94,45130.31,45408.97,83462536
2021-04-17,45408.97,45721.48,44786.72,45159.39,79269291
2021-04-20,45159.39,45371.01,44766.30,44913.28,99320058
2021-04-21,44913.28,45062.59,44488.47,44694.14,55774631
2021-04-22,44694.14,45020.60,43450.41,43859.02,131216557
2021-04-23,43859.02,44240.43,43813.76,44056.54,104800987
2021-04-24,44056.54,44097.15,43526.38,43804.63,82753275
2021-04-27,43804.63,45058.60,43789.32,44656.64,68874941
2021-04-28,44656.64,44938.77,44247.68,44774.79,121469676
2021-04-29,44774.79,45968.46,44346.23,45576.20,104700871
2021-04-30,45576.20,46130.87,45124.76,45702.92,54448760
2021-05-01,45702.92,46509.22,45688.69,46076.07,88783998
2021-05-04,46076.07,46214.86,45419.77,45566.82,120548327
2021-05-05,45566.82,45907.61,45388.22,45615.35,68495892
2021-05-06,45615.35,46067.54,45392.77,45847.56,142042767
2021-05-07,45847.56,46059.73,45814.20,45872.36,87473847
2021-05-08,45872.36,45947.66,45453.98,45889.51,94696017
2021-05-11,45889.51,46276.03,45272.76,45665.36,142645906
2021-05-12,45665.36,46713.63,45539.90,46310.09,143075149
2021-05-13,46310.09,47403.77,46196.37,47024.20,97719604
2021-05-14,47024.20,47817.14,46755.25,47742.75,55046853
2021-05-15,47742.75,47980.83,46672.07,47027.45,96145961
2021-05-18,47027.45,47067.91,46364.24,46826.10,79243858
2021-05-19,46826.10,47141.70,46624.38,47008.98,83578878
2021-05-20,47008.98,47322.72,45810.09,46240.57,50629690
2021-05-21,46240.57,46713.34,46225.89,46686.32,66966154
2021-05-22,46686.32,47827.43,46589.82,47388.58,56754634
2021-05-25,47388.58,48370.20,47312.28,48024.47,75460109
2021-05-26,48024.47,49117.80,47643.08,48907.68,125281040
2021-05-27,48907.68,48987.02,48651.41,48939.28,109334278
2021-05-28,48939.28,49122.51,48286.05,48657.79,122806288
2021-05-29,48657.79,48771.80,47470.75,47796.31,70952327
2021-06-01,47796.31,47994.51,46861.03,47052.05,122693821
2021-06-02,47052.05,47245.85,46049.95,46396.92,114297180
2021-06-03,46396.92,46565.30,46070.59,46347.87,114652220
2021-06-04,46347.87,47160.97,46107.72,46851.27,68820012
2021-06-05,46851.27,47257.71,46537.81,46940.82,102973264
2021-06-08,46940.82,47924.95,46688.97,47727.48,137622344
2021-06-09,47727.48,48442.73,47278.60,48344.76,137290741
2021-06-10,48344.76,48644.68,47975.55,48597.34,119227724
2021-06-11,48597.34,49222.13,48222.74,49180.62,69702945
2021-06-12,49180.62,50323.68,49023.06,49927.38,142414873
2021-06-15,49927.38,50093.62,48845.12,49302.20,119216132
2021-06-16,49302.20,50341.37,49012.47,50158.23,78934639
2021-06-17,50158.23,50666.19,49969.40,50264.62,50441833
2021-06-18,50264.62,51443.99,49829.19,51226.58,118791329
2021-06-19,51226.58,51730.50,50829.06,51619.24,122554949
2021-06-22,51619.24,52195.10,51105.32,52157.21,134056022
2021-06-23,52157.21,52321.70,51663.93,51727.83,98088064
2021-06-24,51727.83,51758.63,51271.37,51529.26,64040585
2021-06-25,51529.26,52080.72,51074.06,51605.86,139478122
2021-06-26,51605.86,52692.02,51546.16,52264.86,119962030
2021-06-29,52264.86,52638.59,52197.86,52375.38,101152755
2021-06-30,52375.38,52829.68,51307.80,51601.43,104684552
2021-07-01,51601.43,52856.63,51252.72,52639.47,91831203
2021-07-02,52639.47,52863.95,51713.35,52069.62,85404093
2021-07-03,52069.62,52247.71,51223.54,51617.45,110445595
2021-07-06,51617.45,52716.30,51291.37,52436.30,91319540
2021-07-07,52436.30,53616.97,51979.68,53102.32,89728108
2021-07-08,53102.32,53541.27,52700.67,53320.56,94312201
2021-07-09,53320.56,53432.49,52435.09,52794.10,137814920
2021-07-10,52794.10,53921.74,52346.03,53782.61,99984203
2021-07-13,53782.61,54838.90,53547.56,54532.87,104560976
2021-07-14,54532.87,54788.97,54056.03,54345.73,115721563
2021-07-15,54345.73,54506.64,53988.95,54186.91,91599231
2021-07-16,54186.91,54409.93,53451.12,53940.81,70284458
2021-07-17,53940.81,54607.85,53521.50,54459.63,58517784
2021-07-20,54459.63,54847.38,54295.19,54812.78,92004945
2021-07-21,54812.78,55111.04,54544.21,54770.13,149510122
2021-07-22,54770.13,55336.51,54456.32,54964.54,68835819
2021-07-23,54964.54,55020.68,53840.96,54359.74,100732951
2021-07-24,54359.74,54381.72,53919.07,53945.83,62892689
2021-07-27,53945.83,54734.86,53546.25,54709.41,88399706
2021-07-28,54709.41,54909.45,54144.08,54488.46,109843926
2021-07-29,54488.46,54937.39,53634.04,54074.60,81578437
2021-07-30,54074.60,55081.85,53588.07,54751.52,103046822
2021-07-31,54751.52,55178.51,53298.37,53720.21,73526778
2021-08-03,53720.21,54183.52,53631.77,53952.08,67715506
2021-08-04,53952.08,54635.98,53679.31,54351.79,84444705
2021-08-05,54351.79,55648.66,53830.49,55452.97,77838097
2021-08-06,55452.97,56759.28,55115.62,56219.65,138423127
2021-08-07,56219.65,56732.98,55250.26,55326.25,132284606
2021-08-10,55326.25,56273.80,55004.29,55812.51,115329049
2021-08-11,55812.51,56129.31,55329.93,55672.38,132360289
2021-08-12,55672.38,55793.03,54690.43,55014.59,118667960
2021-08-13,55014.59,55788.16,54568.67,55592.16,105972553
2021-08-14,55592.16,56825.98,55398.51,56701.19,123334811
2021-08-17,56701.19,57109.14,55736.34,56055.77,100298710
2021-08-18,56055.77,57406.22,55776.40,56949.01,134103887
2021-08-19,56949.01,57036.01,55678.18,56001.73,78221213
2021-08-20,56001.73,56244.35,54772.06,55115.59,109706454
2021-08-21,55115.59,55582.33,54797.48,55269.84,54601753
2021-08-24,55269.84,55594.27,54303.07,54793.10,141967816
2021-08-25,54793.10,56062.78,54375.06,55843.81,70588094
2021-08-26,55843.81,56101.76,55384.44,55791.80,142066111
2021-08-27,55791.80,56295.58,55259.56,55922.76,143043752
2021-08-28,55922.76,56019.96,55393.44,55931.14,146822275
2021-08-31,55931.14,55978.22,55413.70,55745.68,101077855
2021-09-01,55745.68,56683.83,55540.89,56485.14,103335339
2021-09-02,56485.14,56488.18,56008.53,56143.98,50423684
2021-09-03,56143.98,56648.17,54775.02,55230.21,138577411
2021-09-04,55230.21,55946.67,54695.49,55749.96,141425696
2021-09-07,55749.96,56080.39,55126.67,55581.14,112197731
2021-09-08,55581.14,55879.04,54649.91,54845.07,56757792
2021-09-09,54845.07,55336.13,54292.27,54746.80,73594713
2021-09-10,54746.80,54767.82,53659.79,54053.92,147416607
2021-09-11,54053.92,54259.99,52623.16,53146.39,128155783
2021-09-14,53146.39,53403.97,52151.08,52598.89,128097002
2021-09-15,52598.89,52650.21,52099.86,52180.75,76559394
2021-09-16,52180.75,52679.91,50855.19,51288.83,67538201
2021-09-17,51288.83,52427.88,51212.42,52335.77,143674002
2021-09-18,52335.77,53527.37,51835.11,53211.30,76348211
2021-09-21,53211.30,53499.10,53020.55,53245.21,58105030
2021-09-22,53245.21,53967.51,52856.01,53796.20,106278949
2021-09-23,53796.20,54533.65,53570.90,54146.07,85179835
2021-09-24,54146.07,54916.79,53713.79,54883.40,84743971
2021-09-25,54883.40,55347.46,54099.61,54578.48,56987013
2021-09-28,54578.48,54700.10,53492.95,53686.29,120746240
2021-09-29,53686.29,54069.17,52678.02,52683.08,91516660
2021-09-30,52683.08,52978.76,51786.56,51829.68,144713907
2021-10-01,51829.68,52325.44,51413.93,51870.24,101900037
2021-10-02,51870.24,52524.30,51592.30,52191.28,64440179
2021-10-05,52191.28,53425.15,51710.02,53174.64,76509247
2021-10-06,53174.64,53210.27,52800.62,53136.95,133832995
2021-10-07,53136.95,53344.15,52514.74,52606.16,102884802
2021-10-08,52606.16,52638.66,51738.33,51764.92,105796880
2021-10-09,51764.92,53115.24,51322.23,52662.66,90006022
2021-10-12,52662.66,53769.86,52497.86,53354.08,110614097
2021-10-13,53354.08,53975.68,53164.07,53704.16,74450920
2021-10-14,53704.16,54715.00,53229.95,54424.25,111863672
2021-10-15,54424.25,54594.22,53410.40,53662.00,60743417
2021-10-16,53662.00,53740.31,53639.09,53691.86,87714081
2021-10-19,53691.86,54805.84,53284.50,54296.34,59595145
2021-10-20,54296.34,54687.51,53838.32,54355.65,80548084
2021-10-21,54355.65,54967.34,54310.93,54445.08,129868259
2021-10-22,54445.08,55228.54,54341.34,55122.92,133226917
2021-10-23,55122.92,55265.66,54678.64,54948.86,59863843
2021-10-26,54948.86,56066.22,54626.52,55595.04,77756488
2021-10-27,55595.04,55750.98,54461.66,54697.90,104235513
2021-10-28,54697.90,55243.42,54194.69,55050.14,61393018
2021-10-29,55050.14,56072.50,54509.13,55647.05,72458994
2021-10-30,55647.05,57021.90,55119.50,56601.73,138261791
2021-11-02,56601.73,57038.86,56121.49,56444.18,77181185
2021-11-03,56444.18,56554.12,55715.98,55823.85,68712022
2021-11-04,55823.85,55931.34,55582.65,55813.77,105603120
2021-11-05,55813.77,56470.58,55590.20,56039.40,90730366
2021-11-06,56039.40,56040.48,55197.18,55258.08,90851085
2021-11-09,55258.08,56145.74,55191.52,55725.58,54002962
2021-11-10,55725.58,56043.31,54791.10,55261.36,115241753
2021-11-11,55261.36,55454.01,55246.81,55412.17,107177597
2021-11-12,55412.17,56381.43,54932.42,56128.40,129738120
2021-11-13,56128.40,56672.43,55596.60,56519.74,127933352
2021-11-16,56519.74,56817.95,55364.24,55744.56,116785246
2021-11-17,55744.56,55747.80,55186.25,55444.74,100583374
2021-11-18,55444.74,55800.44,53921.49,54395.25,144606668
2021-11-19,54395.25,54688.33,53457.49,53811.79,119262976
2021-11-20,53811.79,54586.84,53707.60,54173.51,101226239
2021-11-23,54173.51,54366.66,53757.19,53951.95,76546195
2021-11-24,53951.95,54059.54,53527.40,53876.64,66662105
2021-11-25,53876.64,54632.73,53454.13,54572.53,57034918
2021-11-26,54572.53,55125.02,54224.23,54590.03,55565695
2021-11-27,54590.03,55087.29,53568.33,53781.27,99183403
2021-11-30,53781.27,54434.45,53513.62,54114.53,71974752
2021-12-01,54114.53,55122.66,53847.18,55113.38,76276436
2021-12-02,55113.38,55942.85,54611.14,55390.53,137853931
2021-12-03,55390.53,56799.54,55114.43,56306.99,79507528
2021-12-04,56306.99,56864.85,55067.94,55423.51,124999653
2021-12-07,55423.51,56838.85,55283.58,56518.68,120362763
2021-12-08,56518.68,57045.12,56495.56,56663.85,145336977
2021-12-09,56663.85,57014.54,55749.83,56049.06,86664370
2021-12-10,56049.06,56187.88,55355.71,55682.19,67581373
2021-12-11,55682.19,56612.25,55417.26,56320.84,124133613
2021-12-14,56320.84,56518.79,56259.87,56308.21,85249174
2021-12-15,56308.21,56337.88,55392.80,55485.21,83138006
2021-12-16,55485.21,56863.88,55306.33,56470.80,147214544
2021-12-17,56470.80,57977.90,56295.54,57620.39,88240214
2021-12-18,57620.39,58834.79,57118.73,58665.24,147605591
2021-12-21,58665.24,58886.62,58054.38,58479.31,87453443
2021-12-22,58479.31,58711.09,58364.13,58513.35,99985779
2021-12-23,58513.35,59095.68,56911.52,57437.92,140269040
2021-12-24,57437.92,57806.15,56980.81,57541.42,133615892
2021-12-25,57541.42,57830.68,56504.39,56603.59,121316672
2021-12-28,56603.59,57904.44,56190.07,57549.61,113235611
2021-12-29,57549.61,58463.19,57161.68,58031.36,66073027
2021-12-30,58031.36,58099.17,57650.66,57958.77,76212153
2021-12-31,57958.77,58000.94,57539.31,57549.52,83030358
2022-01-01,57549.52,58952.02,57033.81,58675.59,141143398
2022-01-04,58675.59,59119.28,58188.27,58449.15,75533282
2022-01-05,58449.15,59572.16,58219.58,59056.85,68494195
